亜人の女王＆亜人の剣聖,ツリーガード＆王都の騎兵,夜の獣、グラディウス
亜人の女王＆亜人の剣聖,忌み鬼,夜の獣、グラディウス
鈴玉狩り,ツリーガード＆王都の騎兵,夜の獣、グラディウス
鈴玉狩り,忌み鬼,夜の獣、グラディウス
貪食ドラゴン,古竜,夜の爵、エデレ
貪食ドラゴン,坩堝の騎士＆黄金カバ,夜の爵、エデレ
貪食ドラゴン,僻地の宿将,夜の爵、エデレ
ミミズ顔,古竜,夜の爵、エデレ
ミミズ顔,坩堝の騎士＆黄金カバ,夜の爵、エデレ
ミミズ顔,僻地の宿将,夜の爵、エデレ
夜の騎兵：グレイブ＆夜の騎兵：フレイル,古竜,夜の爵、エデレ
夜の騎兵：グレイブ＆夜の騎兵：フレイル,坩堝の騎士＆黄金カバ,夜の爵、エデレ
夜の騎兵：グレイブ＆夜の騎兵：フレイル,僻地の宿将,夜の爵、エデレ
英雄のガーゴイル,古竜,夜の爵、エデレ
英雄のガーゴイル,坩堝の騎士＆黄金カバ,夜の爵、エデレ
英雄のガーゴイル,僻地の宿将,夜の爵、エデレ
公のフレイディア,古竜,夜の爵、エデレ
公のフレイディア,坩堝の騎士＆黄金カバ,夜の爵、エデレ
公のフレイディア,僻地の宿将,夜の爵、エデレ
百足のデーモン,ノクスの竜人兵,夜の識、グノスター
百足のデーモン,竜のツリーガード＆王都の騎兵,夜の識、グノスター
百足のデーモン,大土竜,夜の識、グノスター
熔鉄デーモン,ノクスの竜人兵,夜の識、グノスター
熔鉄デーモン,竜のツリーガード＆王都の騎兵,夜の識、グノスター
熔鉄デーモン,大土竜,夜の識、グノスター
戦場の宿将,ノクスの竜人兵,夜の識、グノスター
戦場の宿将,竜のツリーガード＆王都の騎兵,夜の識、グノスター
戦場の宿将,大土竜,夜の識、グノスター
ティビアの呼び舟＆死に生きる者たち,ノクスの竜人兵,夜の識、グノスター
ティビアの呼び舟＆死に生きる者たち,竜のツリーガード＆王都の騎兵,夜の識、グノスター
ティビアの呼び舟＆死に生きる者たち,大土竜,夜の識、グノスター
爛れた樹霊,ノクスの竜人兵,夜の識、グノスター
爛れた樹霊,竜のツリーガード＆王都の騎兵,夜の識、グノスター
爛れた樹霊,大土竜,夜の識、グノスター
貪食ドラゴン,ツリーガード＆王都の騎兵,深海の夜、マリス
貪食ドラゴン,神肌の貴種＆神肌の使徒,深海の夜、マリス
貪食ドラゴン,降る星の成獣,深海の夜、マリス
ミミズ顔,ツリーガード＆王都の騎兵,深海の夜、マリス
ミミズ顔,神肌の貴種＆神肌の使徒,深海の夜、マリス
ミミズ顔,降る星の成獣,深海の夜、マリス
接ぎ木の君主,ツリーガード＆王都の騎兵,深海の夜、マリス
接ぎ木の君主,神肌の貴種＆神肌の使徒,深海の夜、マリス
接ぎ木の君主,降る星の成獣,深海の夜、マリス
熔鉄デーモン,ツリーガード＆王都の騎兵,深海の夜、マリス
熔鉄デーモン,神肌の貴種＆神肌の使徒,深海の夜、マリス
熔鉄デーモン,降る星の成獣,深海の夜、マリス
英雄のガーゴイル,ツリーガード＆王都の騎兵,深海の夜、マリス
英雄のガーゴイル,神肌の貴種＆神肌の使徒,深海の夜、マリス
英雄のガーゴイル,降る星の成獣,深海の夜、マリス
ティビアの呼び舟＆死に生きる者たち,坩堝の騎士＆黄金カバ,夜の魔、リブラ
ティビアの呼び舟＆死に生きる者たち,死儀礼の鳥,夜の魔、リブラ
ティビアの呼び舟＆死に生きる者たち,神肌の貴種＆神肌の使徒,夜の魔、リブラ
王族の幽鬼,坩堝の騎士＆黄金カバ,夜の魔、リブラ
王族の幽鬼,死儀礼の鳥,夜の魔、リブラ
王族の幽鬼,神肌の貴種＆神肌の使徒,夜の魔、リブラ
公のフレイディア,坩堝の騎士＆黄金カバ,夜の魔、リブラ
公のフレイディア,死儀礼の鳥,夜の魔、リブラ
公のフレイディア,神肌の貴種＆神肌の使徒,夜の魔、リブラ
百足のデーモン,坩堝の騎士＆黄金カバ,夜の魔、リブラ
百足のデーモン,死儀礼の鳥,夜の魔、リブラ
百足のデーモン,神肌の貴種＆神肌の使徒,夜の魔、リブラ
戦場の宿将,坩堝の騎士＆黄金カバ,夜の魔、リブラ
戦場の宿将,死儀礼の鳥,夜の魔、リブラ
戦場の宿将,神肌の貴種＆神肌の使徒,夜の魔、リブラ
貪食ドラゴン,ノクスの竜人兵,夜光の騎士、フルゴール
貪食ドラゴン,無名の王,夜光の騎士、フルゴール
貪食ドラゴン,僻地の宿将,夜光の騎士、フルゴール
百足のデーモン,ノクスの竜人兵,夜光の騎士、フルゴール
百足のデーモン,無名の王,夜光の騎士、フルゴール
百足のデーモン,僻地の宿将,夜光の騎士、フルゴール
ミミズ顔,ノクスの竜人兵,夜光の騎士、フルゴール
ミミズ顔,無名の王,夜光の騎士、フルゴール
ミミズ顔,僻地の宿将,夜光の騎士、フルゴール
夜の騎兵：グレイブ＆夜の騎兵：フレイル,ノクスの竜人兵,夜光の騎士、フルゴール
夜の騎兵：グレイブ＆夜の騎兵：フレイル,無名の王,夜光の騎士、フルゴール
夜の騎兵：グレイブ＆夜の騎兵：フレイル,僻地の宿将,夜光の騎士、フルゴール
王族の幽鬼,ノクスの竜人兵,夜光の騎士、フルゴール
王族の幽鬼,無名の王,夜光の騎士、フルゴール
王族の幽鬼,僻地の宿将,夜光の騎士、フルゴール
熔鉄デーモン,竜のツリーガード＆王都の騎兵,夜の霞、カリゴ
熔鉄デーモン,神肌の貴種＆神肌の使徒,夜の霞、カリゴ
熔鉄デーモン,冷たい谷の踊り子,夜の霞、カリゴ
ティビアの呼び舟＆死に生きる者たち,竜のツリーガード＆王都の騎兵,夜の霞、カリゴ
ティビアの呼び舟＆死に生きる者たち,神肌の貴種＆神肌の使徒,夜の霞、カリゴ
ティビアの呼び舟＆死に生きる者たち,冷たい谷の踊り子,夜の霞、カリゴ
爛れた樹霊,竜のツリーガード＆王都の騎兵,夜の霞、カリゴ
爛れた樹霊,神肌の貴種＆神肌の使徒,夜の霞、カリゴ
爛れた樹霊,冷たい谷の踊り子,夜の霞、カリゴ
接ぎ木の君主,竜のツリーガード＆王都の騎兵,夜の霞、カリゴ
接ぎ木の君主,神肌の貴種＆神肌の使徒,夜の霞、カリゴ
接ぎ木の君主,冷たい谷の踊り子,夜の霞、カリゴ
公のフレイディア,竜のツリーガード＆王都の騎兵,夜の霞、カリゴ
公のフレイディア,神肌の貴種＆神肌の使徒,夜の霞、カリゴ
公のフレイディア,冷たい谷の踊り子,夜の霞、カリゴ
亜人の女王＆亜人の剣聖,ツリーガード＆王都の騎兵,夜の王、ナメレス
亜人の女王＆亜人の剣聖,忌み鬼,夜の王、ナメレス
亜人の女王＆亜人の剣聖,古竜,夜の王、ナメレス
亜人の女王＆亜人の剣聖,坩堝の騎士＆黄金カバ,夜の王、ナメレス
亜人の女王＆亜人の剣聖,僻地の宿将,夜の王、ナメレス
亜人の女王＆亜人の剣聖,ノクスの竜人兵,夜の王、ナメレス
亜人の女王＆亜人の剣聖,竜のツリーガード＆王都の騎兵,夜の王、ナメレス
亜人の女王＆亜人の剣聖,大土竜,夜の王、ナメレス
亜人の女王＆亜人の剣聖,神肌の貴種＆神肌の使徒,夜の王、ナメレス
亜人の女王＆亜人の剣聖,降る星の成獣,夜の王、ナメレス
亜人の女王＆亜人の剣聖,死儀礼の鳥,夜の王、ナメレス
亜人の女王＆亜人の剣聖,無名の王,夜の王、ナメレス
亜人の女王＆亜人の剣聖,冷たい谷の踊り子,夜の王、ナメレス
鈴玉狩り,ツリーガード＆王都の騎兵,夜の王、ナメレス
鈴玉狩り,忌み鬼,夜の王、ナメレス
鈴玉狩り,古竜,夜の王、ナメレス
鈴玉狩り,坩堝の騎士＆黄金カバ,夜の王、ナメレス
鈴玉狩り,僻地の宿将,夜の王、ナメレス
鈴玉狩り,ノクスの竜人兵,夜の王、ナメレス
鈴玉狩り,竜のツリーガード＆王都の騎兵,夜の王、ナメレス
鈴玉狩り,大土竜,夜の王、ナメレス
鈴玉狩り,神肌の貴種＆神肌の使徒,夜の王、ナメレス
鈴玉狩り,降る星の成獣,夜の王、ナメレス
鈴玉狩り,死儀礼の鳥,夜の王、ナメレス
鈴玉狩り,無名の王,夜の王、ナメレス
鈴玉狩り,冷たい谷の踊り子,夜の王、ナメレス
貪食ドラゴン,ツリーガード＆王都の騎兵,夜の王、ナメレス
貪食ドラゴン,忌み鬼,夜の王、ナメレス
貪食ドラゴン,古竜,夜の王、ナメレス
貪食ドラゴン,坩堝の騎士＆黄金カバ,夜の王、ナメレス
貪食ドラゴン,僻地の宿将,夜の王、ナメレス
貪食ドラゴン,ノクスの竜人兵,夜の王、ナメレス
貪食ドラゴン,竜のツリーガード＆王都の騎兵,夜の王、ナメレス
貪食ドラゴン,大土竜,夜の王、ナメレス
貪食ドラゴン,神肌の貴種＆神肌の使徒,夜の王、ナメレス
貪食ドラゴン,降る星の成獣,夜の王、ナメレス
貪食ドラゴン,死儀礼の鳥,夜の王、ナメレス
貪食ドラゴン,無名の王,夜の王、ナメレス
貪食ドラゴン,冷たい谷の踊り子,夜の王、ナメレス
ミミズ顔,ツリーガード＆王都の騎兵,夜の王、ナメレス
ミミズ顔,忌み鬼,夜の王、ナメレス
ミミズ顔,古竜,夜の王、ナメレス
ミミズ顔,坩堝の騎士＆黄金カバ,夜の王、ナメレス
ミミズ顔,僻地の宿将,夜の王、ナメレス
ミミズ顔,ノクスの竜人兵,夜の王、ナメレス
ミミズ顔,竜のツリーガード＆王都の騎兵,夜の王、ナメレス
ミミズ顔,大土竜,夜の王、ナメレス
ミミズ顔,神肌の貴種＆神肌の使徒,夜の王、ナメレス
ミミズ顔,降る星の成獣,夜の王、ナメレス
ミミズ顔,死儀礼の鳥,夜の王、ナメレス
ミミズ顔,無名の王,夜の王、ナメレス
ミミズ顔,冷たい谷の踊り子,夜の王、ナメレス
夜の騎兵：グレイブ＆夜の騎兵：フレイル,ツリーガード＆王都の騎兵,夜の王、ナメレス
夜の騎兵：グレイブ＆夜の騎兵：フレイル,忌み鬼,夜の王、ナメレス
夜の騎兵：グレイブ＆夜の騎兵：フレイル,古竜,夜の王、ナメレス
夜の騎兵：グレイブ＆夜の騎兵：フレイル,坩堝の騎士＆黄金カバ,夜の王、ナメレス
夜の騎兵：グレイブ＆夜の騎兵：フレイル,僻地の宿将,夜の王、ナメレス
夜の騎兵：グレイブ＆夜の騎兵：フレイル,ノクスの竜人兵,夜の王、ナメレス
夜の騎兵：グレイブ＆夜の騎兵：フレイル,竜のツリーガード＆王都の騎兵,夜の王、ナメレス
夜の騎兵：グレイブ＆夜の騎兵：フレイル,大土竜,夜の王、ナメレス
夜の騎兵：グレイブ＆夜の騎兵：フレイル,神肌の貴種＆神肌の使徒,夜の王、ナメレス
夜の騎兵：グレイブ＆夜の騎兵：フレイル,降る星の成獣,夜の王、ナメレス
夜の騎兵：グレイブ＆夜の騎兵：フレイル,死儀礼の鳥,夜の王、ナメレス
夜の騎兵：グレイブ＆夜の騎兵：フレイル,無名の王,夜の王、ナメレス
夜の騎兵：グレイブ＆夜の騎兵：フレイル,冷たい谷の踊り子,夜の王、ナメレス
英雄のガーゴイル,ツリーガード＆王都の騎兵,夜の王、ナメレス
英雄のガーゴイル,忌み鬼,夜の王、ナメレス
英雄のガーゴイル,古竜,夜の王、ナメレス
英雄のガーゴイル,坩堝の騎士＆黄金カバ,夜の王、ナメレス
英雄のガーゴイル,僻地の宿将,夜の王、ナメレス
英雄のガーゴイル,ノクスの竜人兵,夜の王、ナメレス
英雄のガーゴイル,竜のツリーガード＆王都の騎兵,夜の王、ナメレス
英雄のガーゴイル,大土竜,夜の王、ナメレス
英雄のガーゴイル,神肌の貴種＆神肌の使徒,夜の王、ナメレス
英雄のガーゴイル,降る星の成獣,夜の王、ナメレス
英雄のガーゴイル,死儀礼の鳥,夜の王、ナメレス
英雄のガーゴイル,無名の王,夜の王、ナメレス
英雄のガーゴイル,冷たい谷の踊り子,夜の王、ナメレス
公のフレイディア,ツリーガード＆王都の騎兵,夜の王、ナメレス
公のフレイディア,忌み鬼,夜の王、ナメレス
公のフレイディア,古竜,夜の王、ナメレス
公のフレイディア,坩堝の騎士＆黄金カバ,夜の王、ナメレス
公のフレイディア,僻地の宿将,夜の王、ナメレス
公のフレイディア,ノクスの竜人兵,夜の王、ナメレス
公のフレイディア,竜のツリーガード＆王都の騎兵,夜の王、ナメレス
公のフレイディア,大土竜,夜の王、ナメレス
公のフレイディア,神肌の貴種＆神肌の使徒,夜の王、ナメレス
公のフレイディア,降る星の成獣,夜の王、ナメレス
公のフレイディア,死儀礼の鳥,夜の王、ナメレス
公のフレイディア,無名の王,夜の王、ナメレス
公のフレイディア,冷たい谷の踊り子,夜の王、ナメレス
百足のデーモン,ツリーガード＆王都の騎兵,夜の王、ナメレス
百足のデーモン,忌み鬼,夜の王、ナメレス
百足のデーモン,古竜,夜の王、ナメレス
百足のデーモン,坩堝の騎士＆黄金カバ,夜の王、ナメレス
百足のデーモン,僻地の宿将,夜の王、ナメレス
百足のデーモン,ノクスの竜人兵,夜の王、ナメレス
百足のデーモン,竜のツリーガード＆王都の騎兵,夜の王、ナメレス
百足のデーモン,大土竜,夜の王、ナメレス
百足のデーモン,神肌の貴種＆神肌の使徒,夜の王、ナメレス
百足のデーモン,降る星の成獣,夜の王、ナメレス
百足のデーモン,死儀礼の鳥,夜の王、ナメレス
百足のデーモン,無名の王,夜の王、ナメレス
百足のデーモン,冷たい谷の踊り子,夜の王、ナメレス
熔鉄デーモン,ツリーガード＆王都の騎兵,夜の王、ナメレス
熔鉄デーモン,忌み鬼,夜の王、ナメレス
熔鉄デーモン,古竜,夜の王、ナメレス
熔鉄デーモン,坩堝の騎士＆黄金カバ,夜の王、ナメレス
熔鉄デーモン,僻地の宿将,夜の王、ナメレス
熔鉄デーモン,ノクスの竜人兵,夜の王、ナメレス
熔鉄デーモン,竜のツリーガード＆王都の騎兵,夜の王、ナメレス
熔鉄デーモン,大土竜,夜の王、ナメレス
熔鉄デーモン,神肌の貴種＆神肌の使徒,夜の王、ナメレス
熔鉄デーモン,降る星の成獣,夜の王、ナメレス
熔鉄デーモン,死儀礼の鳥,夜の王、ナメレス
熔鉄デーモン,無名の王,夜の王、ナメレス
熔鉄デーモン,冷たい谷の踊り子,夜の王、ナメレス
戦場の宿将,ツリーガード＆王都の騎兵,夜の王、ナメレス
戦場の宿将,忌み鬼,夜の王、ナメレス
戦場の宿将,古竜,夜の王、ナメレス
戦場の宿将,坩堝の騎士＆黄金カバ,夜の王、ナメレス
戦場の宿将,僻地の宿将,夜の王、ナメレス
戦場の宿将,ノクスの竜人兵,夜の王、ナメレス
戦場の宿将,竜のツリーガード＆王都の騎兵,夜の王、ナメレス
戦場の宿将,大土竜,夜の王、ナメレス
戦場の宿将,神肌の貴種＆神肌の使徒,夜の王、ナメレス
戦場の宿将,降る星の成獣,夜の王、ナメレス
戦場の宿将,死儀礼の鳥,夜の王、ナメレス
戦場の宿将,無名の王,夜の王、ナメレス
戦場の宿将,冷たい谷の踊り子,夜の王、ナメレス
ティビアの呼び舟＆死に生きる者たち,ツリーガード＆王都の騎兵,夜の王、ナメレス
ティビアの呼び舟＆死に生きる者たち,忌み鬼,夜の王、ナメレス
ティビアの呼び舟＆死に生きる者たち,古竜,夜の王、ナメレス
ティビアの呼び舟＆死に生きる者たち,坩堝の騎士＆黄金カバ,夜の王、ナメレス
ティビアの呼び舟＆死に生きる者たち,僻地の宿将,夜の王、ナメレス
ティビアの呼び舟＆死に生きる者たち,ノクスの竜人兵,夜の王、ナメレス
ティビアの呼び舟＆死に生きる者たち,竜のツリーガード＆王都の騎兵,夜の王、ナメレス
ティビアの呼び舟＆死に生きる者たち,大土竜,夜の王、ナメレス
ティビアの呼び舟＆死に生きる者たち,神肌の貴種＆神肌の使徒,夜の王、ナメレス
ティビアの呼び舟＆死に生きる者たち,降る星の成獣,夜の王、ナメレス
ティビアの呼び舟＆死に生きる者たち,死儀礼の鳥,夜の王、ナメレス
ティビアの呼び舟＆死に生きる者たち,無名の王,夜の王、ナメレス
ティビアの呼び舟＆死に生きる者たち,冷たい谷の踊り子,夜の王、ナメレス
爛れた樹霊,ツリーガード＆王都の騎兵,夜の王、ナメレス
爛れた樹霊,忌み鬼,夜の王、ナメレス
爛れた樹霊,古竜,夜の王、ナメレス
爛れた樹霊,坩堝の騎士＆黄金カバ,夜の王、ナメレス
爛れた樹霊,僻地の宿将,夜の王、ナメレス
爛れた樹霊,ノクスの竜人兵,夜の王、ナメレス
爛れた樹霊,竜のツリーガード＆王都の騎兵,夜の王、ナメレス
爛れた樹霊,大土竜,夜の王、ナメレス
爛れた樹霊,神肌の貴種＆神肌の使徒,夜の王、ナメレス
爛れた樹霊,降る星の成獣,夜の王、ナメレス
爛れた樹霊,死儀礼の鳥,夜の王、ナメレス
爛れた樹霊,無名の王,夜の王、ナメレス
爛れた樹霊,冷たい谷の踊り子,夜の王、ナメレス
接ぎ木の君主,ツリーガード＆王都の騎兵,夜の王、ナメレス
接ぎ木の君主,忌み鬼,夜の王、ナメレス
接ぎ木の君主,古竜,夜の王、ナメレス
接ぎ木の君主,坩堝の騎士＆黄金カバ,夜の王、ナメレス
接ぎ木の君主,僻地の宿将,夜の王、ナメレス
接ぎ木の君主,ノクスの竜人兵,夜の王、ナメレス
接ぎ木の君主,竜のツリーガード＆王都の騎兵,夜の王、ナメレス
接ぎ木の君主,大土竜,夜の王、ナメレス
接ぎ木の君主,神肌の貴種＆神肌の使徒,夜の王、ナメレス
接ぎ木の君主,降る星の成獣,夜の王、ナメレス
接ぎ木の君主,死儀礼の鳥,夜の王、ナメレス
接ぎ木の君主,無名の王,夜の王、ナメレス
接ぎ木の君主,冷たい谷の踊り子,夜の王、ナメレス
王族の幽鬼,ツリーガード＆王都の騎兵,夜の王、ナメレス
王族の幽鬼,忌み鬼,夜の王、ナメレス
王族の幽鬼,古竜,夜の王、ナメレス
王族の幽鬼,坩堝の騎士＆黄金カバ,夜の王、ナメレス
王族の幽鬼,僻地の宿将,夜の王、ナメレス
王族の幽鬼,ノクスの竜人兵,夜の王、ナメレス
王族の幽鬼,竜のツリーガード＆王都の騎兵,夜の王、ナメレス
王族の幽鬼,大土竜,夜の王、ナメレス
王族の幽鬼,神肌の貴種＆神肌の使徒,夜の王、ナメレス
王族の幽鬼,降る星の成獣,夜の王、ナメレス
王族の幽鬼,死儀礼の鳥,夜の王、ナメレス
王族の幽鬼,無名の王,夜の王、ナメレス
王族の幽鬼,冷たい谷の踊り子,夜の王、ナメレス
傷ついたデーモン＆うろ底のデーモン,デーモンの王子,英雄武器の娘たち、ハルモニア
呪剣士＆神獣の戦士,血の君主,英雄武器の娘たち、ハルモニア
大赤熊,神獣獅子舞,反逆のストラゲス
大赤熊,騎士アルトリウス,反逆のストラゲス
死の騎士,神獣獅子舞,反逆のストラゲス
死の騎士,騎士アルトリウス,反逆のストラゲス